,PDB_chain_lig_resnum,label,PDB,LIG,PDB_chain
0,3DDP_A_RC8_299,0,3DDP,RC8,3DDP_A
1,2C5Y_A_MTW_1298,0,2C5Y,MTW,2C5Y_A
3,3R73_A_X87_920,0,3R73,X87,3R73_A
4,1OIU_A_N76_1298,0,1OIU,N76,1OIU_A
5,3QZH_A_X69_839,0,3QZH,X69,3QZH_A
6,2CJM_A_ATP_1294,0,2CJM,ATP,2CJM_A
7,2R3O_A_2SC_501,0,2R3O,2SC,2R3O_A
8,1PXN_A_CK6_500,0,1PXN,CK6,1PXN_A
9,2C5V_C_CK4_1297,0,2C5V,CK4,2C5V_C
10,4CFU_C_2WC_1297,0,4CFU,2WC,4CFU_C
11,2VTR_A_LZB_1299,0,2VTR,LZB,2VTR_A
12,1GIJ_A_2PU_501,0,1GIJ,2PU,1GIJ_A
13,4BCQ_C_TJF_1295,0,4BCQ,TJF,4BCQ_C
14,6GUF_C_23D_301,0,6GUF,23D,6GUF_C
15,5NEV_C_72L_301,0,5NEV,72L,5NEV_C
16,4FKP_A_LS5_301,0,4FKP,LS5,4FKP_A
17,4EOS_C_1RO_301,0,4EOS,1RO,4EOS_C
18,4FKL_A_CK2_300,0,4FKL,CK2,4FKL_A
19,1H08_A_BWP_300,0,1H08,BWP,1H08_A
20,1PXP_A_CK8_500,0,1PXP,CK8,1PXP_A
21,2EXM_A_ZIP_400,0,2EXM,ZIP,2EXM_A
22,2R3L_A_SCW_501,0,2R3L,SCW,2R3L_A
24,2C6K_A_DT2_1299,0,2C6K,DT2,2C6K_A
26,8ERD_A_WQ6_301,0,8ERD,WQ6,8ERD_A
27,3RPY_A_27Z_470,0,3RPY,27Z,3RPY_A
28,4FKI_A_09K_301,0,4FKI,09K,4FKI_A
29,7B7S_C_T1T_301,0,7B7S,T1T,7B7S_C
30,7ZPC_A_JLC_301,0,7ZPC,JLC,7ZPC_A
31,4CFU_A_2WC_1299,0,4CFU,2WC,4CFU_A
32,4EOJ_A_ATP_301,0,4EOJ,ATP,4EOJ_A
33,4KD1_A_1QK_302,0,4KD1,1QK,4KD1_A
34,4BCO_A_T6Q_1299,0,4BCO,T6Q,4BCO_A
35,2R3N_A_SCZ_501,0,2R3N,SCZ,2R3N_A
36,2CCI_A_ATP_1297,0,2CCI,ATP,2CCI_A
37,7MKX_A_ZGY_301,0,7MKX,ZGY,7MKX_A
38,2VTO_A_LZ8_1299,0,2VTO,LZ8,2VTO_A
39,2IW6_A_QQ2_1296,0,2IW6,QQ2,2IW6_A
40,1H1S_C_4SP_1298,0,1H1S,4SP,1H1S_C
41,3EOC_A_T2A_501,0,3EOC,T2A,3EOC_A
43,3R9N_A_Z68_529,0,3R9N,Z68,3R9N_A
44,8CUR_A_OW6_301,0,8CUR,OW6,8CUR_A
45,1QMZ_A_ATP_381,0,1QMZ,ATP,1QMZ_A
46,3R9D_A_X6B_590,0,3R9D,X6B,3R9D_A
47,4BCP_A_T3C_1299,0,4BCP,T3C,4BCP_A
48,3R8V_A_Z62_473,0,3R8V,Z62,3R8V_A
49,2CJM_C_ATP_1298,0,2CJM,ATP,2CJM_C
50,5AND_A_5JE_1295,0,5AND,5JE,5AND_A
51,1GIH_A_1PU_501,0,1GIH,1PU,1GIH_A
52,2BHE_A_BRY_1299,0,2BHE,BRY,2BHE_A
53,3RAK_A_03Z_497,0,3RAK,03Z,3RAK_A
54,3RPO_A_24Z_778,0,3RPO,24Z,3RPO_A
55,4FKT_A_48K_301,0,4FKT,48K,4FKT_A
56,3BHT_A_MFR_299,0,3BHT,MFR,3BHT_A
57,1JST_A_ATP_300,0,1JST,ATP,1JST_A
58,2UZD_A_C85_1297,0,2UZD,C85,2UZD_A
59,3R9H_A_Z67_606,0,3R9H,Z67,3R9H_A
60,3RPR_A_25Z_529,0,3RPR,25Z,3RPR_A
61,7S7A_A_8FI_302,1,7S7A,8FI,7S7A_A
63,3RM7_A_19Z_654,0,3RM7,19Z,3RM7_A
64,3RK9_A_09Z_483,0,3RK9,09Z,3RK9_A
65,4FKG_A_4CK_300,0,4FKG,4CK,4FKG_A
66,1OIY_C_N41_1298,0,1OIY,N41,1OIY_C
67,4RJ3_A_3QS_302,0,4RJ3,3QS,4RJ3_A
68,4BCP_C_T3C_1297,0,4BCP,T3C,4BCP_C
69,4BGH_A_3I6_1001,0,4BGH,3I6,4BGH_A
70,1VYW_C_292_2300,0,1VYW,292,1VYW_C
71,3R83_A_Z14_589,0,3R83,Z14,3R83_A
72,2C5O_C_CK2_1298,0,2C5O,CK2,2C5O_C
73,7ACK_C_R7B_301,0,7ACK,R7B,7ACK_C
74,2C5O_A_CK2_1297,0,2C5O,CK2,2C5O_A
75,3RJC_A_06Z_450,0,3RJC,06Z,3RJC_A
76,1FVT_A_106_299,0,1FVT,106,1FVT_A
77,1FIN_C_ATP_299,0,1FIN,ATP,1FIN_C
78,2R3R_A_6SC_501,0,2R3R,6SC,2R3R_A
79,1PXK_A_CK3_500,0,1PXK,CK3,1PXK_A
80,3QHW_A_ADP_297,0,3QHW,ADP,3QHW_A
81,4CFX_C_G6T_1299,0,4CFX,G6T,4CFX_C
84,2R3I_A_SCF_501,0,2R3I,SCF,2R3I_A
85,2J9M_A_PY8_299,0,2J9M,PY8,2J9M_A
86,1OGU_A_ST8_1298,0,1OGU,ST8,1OGU_A
87,5CYI_A_55S_301,0,5CYI,55S,5CYI_A
88,1OGU_C_ST8_1297,0,1OGU,ST8,1OGU_C
89,2R3P_A_3SC_501,0,2R3P,3SC,2R3P_A
90,1P5E_C_TBS_302,0,1P5E,TBS,1P5E_C
91,3QZI_A_X72_512,0,3QZI,X72,3QZI_A
92,2B55_A_D31_299,0,2B55,D31,2B55_A
93,3EJ1_C_5BP_299,0,3EJ1,5BP,3EJ1_C
94,5LMK_C_6ZK_301,0,5LMK,6ZK,5LMK_C
95,4EOO_C_ATP_301,0,4EOO,ATP,4EOO_C
96,2W06_A_FRV_1300,0,2W06,FRV,2W06_A
97,3S2P_A_PMU_500,0,3S2P,PMU,3S2P_A
98,2X1N_C_X1N_1298,0,2X1N,X1N,2X1N_C
99,2B52_A_D42_299,0,2B52,D42,2B52_A
100,3DOG_C_NNN_299,0,3DOG,NNN,3DOG_C
101,4CFN_A_JYM_1298,0,4CFN,JYM,4CFN_A
102,2X1N_A_X1N_1297,0,2X1N,X1N,2X1N_A
103,3QTQ_A_X35_476,0,3QTQ,X35,3QTQ_A
104,2VTH_A_LZ2_1300,0,2VTH,LZ2,2VTH_A
105,3PY0_A_SU9_301,0,3PY0,SU9,3PY0_A
106,2C5N_A_CK8_1297,0,2C5N,CK8,2C5N_A
108,3TIY_A_TIY_311,0,3TIY,TIY,3TIY_A
109,3RMF_A_20Z_496,0,3RMF,20Z,3RMF_A
110,3QQK_A_X02_497,0,3QQK,X02,3QQK_A
111,2VTI_A_LZ3_1299,0,2VTI,LZ3,2VTI_A
112,2BPM_C_529_1299,0,2BPM,529,2BPM_C
113,1H00_A_FAP_1300,0,1H00,FAP,1H00_A
114,6GUE_A_FB8_301,0,6GUE,FB8,6GUE_A
115,4CFM_C_4QE_1297,0,4CFM,4QE,4CFM_C
116,4EOM_A_ATP_301,0,4EOM,ATP,4EOM_A
117,2VU3_A_LZE_1299,0,2VU3,LZE,2VU3_A
118,3R6X_A_X84_778,0,3R6X,X84,3R6X_A
119,4EOP_C_1RO_301,0,4EOP,1RO,4EOP_C
120,4CFN_C_JYM_1295,0,4CFN,JYM,4CFN_C
121,2VTL_A_LZ5_1299,0,2VTL,LZ5,2VTL_A
122,1E9H_A_INR_1298,0,1E9H,INR,1E9H_A
123,4CFW_A_SQ9_1299,0,4CFW,SQ9,4CFW_A
124,2C6T_A_DT5_1297,0,2C6T,DT5,2C6T_A
125,2C5N_C_CK8_1298,0,2C5N,CK8,2C5N_C
126,1JVP_P_89E2_301,0,1JVP,89E2,1JVP_P
127,2CCH_A_ATP_1297,0,2CCH,ATP,2CCH_A
128,4BCM_C_T7Z_1295,0,4BCM,T7Z,4BCM_C
129,1P2A_A_5BN_301,0,1P2A,5BN,1P2A_A
130,1H0W_A_207_1299,0,1H0W,207,1H0W_A
131,6Q49_A_HGQ_402,-1,6Q49,HGQ,6Q49_A
132,8FOW_A_7TW_304,1,8FOW,7TW,8FOW_A
133,4EOK_A_4SP_301,0,4EOK,4SP,4EOK_A
134,1OI9_C_N20_1298,0,1OI9,N20,1OI9_C
135,2R3F_A_SC8_501,0,2R3F,SC8,2R3F_A
136,2VTJ_A_LZ4_1300,0,2VTJ,LZ4,2VTJ_A
137,7KJS_A_WG1_301,0,7KJS,WG1,7KJS_A
138,3QHR_C_ADP_297,0,3QHR,ADP,3QHR_C
139,2C5X_C_MTW_1297,0,2C5X,MTW,2C5X_C
140,3RAI_A_X85_923,0,3RAI,X85,3RAI_A
141,3RK5_A_07Z_436,0,3RK5,07Z,3RK5_A
142,2WXV_A_WXV_1299,0,2WXV,WXV,2WXV_A
143,3BHU_A_MHR_299,0,3BHU,MHR,3BHU_A
144,4CFW_C_SQ9_1297,0,4CFW,SQ9,4CFW_C
145,7NVQ_A_STU_301,0,7NVQ,STU,7NVQ_A
146,3WBL_A_PDY_302,0,3WBL,PDY,3WBL_A
147,2VTS_A_LZC_1299,0,2VTS,LZC,2VTS_A
148,1H0V_A_UN4_1299,0,1H0V,UN4,1H0V_A
149,2W1H_A_L0F_1299,0,2W1H,L0F,2W1H_A
150,3R7I_A_X9I_505,0,3R7I,X9I,3R7I_A
151,3RZB_A_02Z_458,0,3RZB,02Z,3RZB_A
152,6GUK_A_FC8_301,0,6GUK,FC8,6GUK_A
153,3MY5_A_RFZ_300,0,3MY5,RFZ,3MY5_A
155,6GUC_A_SU9_301,0,6GUC,SU9,6GUC_A
156,6YLK_A_OY2_301,0,6YLK,OY2,6YLK_A
157,6INL_A_AJR_900,0,6INL,AJR,6INL_A
158,5ANE_A_SZL_1299,0,5ANE,SZL,5ANE_A
159,1E1X_A_NW1_401,0,1E1X,NW1,1E1X_A
161,3LFQ_A_A28_299,0,3LFQ,A28,3LFQ_A
162,4EOI_A_1RO_301,0,4EOI,1RO,4EOI_A
163,3QWK_A_X62_493,0,3QWK,X62,3QWK_A
164,2C4G_A_514_306,0,2C4G,514,2C4G_A
165,4I3Z_A_ADP_301,0,4I3Z,ADP,4I3Z_A
166,4EOR_C_4SP_301,0,4EOR,4SP,4EOR_C
167,1W0X_C_OLO_1299,0,1W0X,OLO,1W0X_C
169,4II5_A_ADP_301,0,4II5,ADP,4II5_A
170,6Q4I_A_HGK_302,0,6Q4I,HGK,6Q4I_A
171,3R7U_A_X96_523,0,3R7U,X96,3R7U_A
172,8B54_C_P2V_302,0,8B54,P2V,8B54_C
173,3QX2_A_X63_300,0,3QX2,X63,3QX2_A
174,3QXP_A_X64_300,0,3QXP,X64,3QXP_A
175,2VTT_A_LZD_1299,0,2VTT,LZD,2VTT_A
176,2UZB_C_C75_1297,0,2UZB,C75,2UZB_C
177,7RXO_A_80E_302,1,7RXO,80E,7RXO_A
178,6GUB_A_F9Z_301,0,6GUB,F9Z,6GUB_A
179,5IEX_A_6AF_1001,0,5IEX,6AF,5IEX_A
180,3QZF_A_X66_299,0,3QZF,X66,3QZF_A
182,2UZL_A_C94_1297,0,2UZL,C94,2UZL_A
183,1CKP_A_PVB_299,0,1CKP,PVB,1CKP_A
184,2WIH_A_P48_1299,0,2WIH,P48,2WIH_A
185,7S9X_A_8KF_301,1,7S9X,8KF,7S9X_A
186,2BTR_A_U73_300,0,2BTR,U73,2BTR_A
188,5IEV_A_R0N_1001,0,5IEV,R0N,5IEV_A
189,1R78_A_FMD_299,0,1R78,FMD,1R78_A
190,2I40_C_BLZ_401,0,2I40,BLZ,2I40_C
191,3ULI_A_1N3_299,0,3ULI,1N3,3ULI_A
192,3TI1_A_B49_299,0,3TI1,B49,3TI1_A
193,3TNW_C_F18_299,0,3TNW,F18,3TNW_C
194,1URW_A_I1P_1300,0,1URW,I1P,1URW_A
195,1B38_A_ATP_381,0,1B38,ATP,1B38_A
196,4GCJ_A_X64_305,0,4GCJ,X64,4GCJ_A
197,2R3M_A_SCX_501,0,2R3M,SCX,2R3M_A
198,6Q4G_A_HJK_301,0,6Q4G,HJK,6Q4G_A
199,2BKZ_A_SBC_1299,0,2BKZ,SBC,2BKZ_A
200,3IGG_A_EFQ_999,0,3IGG,EFQ,3IGG_A
201,1JVP_P_89E1_301,0,1JVP,89E1,1JVP_P
202,4EOQ_A_ATP_301,0,4EOQ,ATP,4EOQ_A
203,6Q48_A_HHQ_302,0,6Q48,HHQ,6Q48_A
204,4FX3_C_60K_301,0,4FX3,60K,4FX3_C
205,1H1Q_A_2A6_1298,0,1H1Q,2A6,1H1Q_A
206,3QQJ_A_X11_300,0,3QQJ,X11,3QQJ_A
207,4EOL_C_1RO_301,0,4EOL,1RO,4EOL_C
208,4EK6_A_10K_301,0,4EK6,10K,4EK6_A
209,2WPA_C_889_1300,0,2WPA,889,2WPA_C
210,2UZE_A_C95_1297,0,2UZE,C95,2UZE_A
211,1PXM_A_CK5_500,0,1PXM,CK5,1PXM_A
212,3PXY_A_JWS_299,0,3PXY,JWS,3PXY_A
213,3R8Z_A_Z63_440,0,3R8Z,Z63,3R8Z_A
214,1H1P_C_CMG_1298,0,1H1P,CMG,1H1P_C
215,3DDQ_A_RRC_299,0,3DDQ,RRC,3DDQ_A
216,1HCK_A_ATP_400,0,1HCK,ATP,1HCK_A
217,1H01_A_FAL_301,0,1H01,FAL,1H01_A
218,1PYE_A_PM1_700,0,1PYE,PM1,1PYE_A
219,1E1V_A_CMG_401,0,1E1V,CMG,1E1V_A
221,7QHL_C_D5P_301,0,7QHL,D5P,7QHL_C
222,3RKB_A_12Z_457,0,3RKB,12Z,3RKB_A
223,3R1Q_A_X75_616,0,3R1Q,X75,3R1Q_A
224,7S84_A_8IL_301,1,7S84,8IL,7S84_A
225,5ANG_A_WY3_1299,0,5ANG,WY3,5ANG_A
226,6GUH_A_FB8_301,0,6GUH,FB8,6GUH_A
227,3PXZ_A_JWS_301,0,3PXZ,JWS,3PXZ_A
229,1FVV_C_107_601,0,1FVV,107,1FVV_C
230,2G9X_A_NU5_299,0,2G9X,NU5,2G9X_A
231,2VTM_A_LZM_1299,0,2VTM,LZM,2VTM_A
232,1PKD_C_UCN_411,0,1PKD,UCN,1PKD_C
233,3UNK_A_0BY_299,0,3UNK,0BY,3UNK_A
234,5JQ8_A_I73_301,0,5JQ8,I73,5JQ8_A
235,3R71_A_X86_800,0,3R71,X86,3R71_A
236,1H1R_A_6CP_1298,0,1H1R,6CP,1H1R_A
237,4EK8_A_16K_301,0,4EK8,16K,4EK8_A
238,3F5X_A_EZV_300,0,3F5X,EZV,3F5X_A
239,6Q3F_A_HEW_301,-1,6Q3F,HEW,6Q3F_A
240,1W8C_A_N69_1301,0,1W8C,N69,1W8C_A
241,2C6L_A_DT4_1299,0,2C6L,DT4,2C6L_A
242,1VYZ_A_N5B_300,0,1VYZ,N5B,1VYZ_A
243,8H6T_A_WZZ_301,0,8H6T,WZZ,8H6T_A
244,1KE7_A_LS3_299,0,1KE7,LS3,1KE7_A
245,3RPV_A_26Z_495,0,3RPV,26Z,3RPV_A
246,2UZN_A_C96_1299,0,2UZN,C96,2UZN_A
247,6RIJ_C_K4W_301,0,6RIJ,K4W,6RIJ_C
248,4BZD_A_D6I_1300,0,4BZD,D6I,4BZD_A
249,1KE8_A_LS4_299,0,1KE8,LS4,1KE8_A
251,4EON_A_1RO_301,0,4EON,1RO,4EON_A
252,3BHV_A_VAR_299,0,3BHV,VAR,3BHV_A
253,5OO1_A_9Z2_301,0,5OO1,9Z2,5OO1_A
254,2UZE_C_C95_1297,0,2UZE,C95,2UZE_C
255,4EOI_C_1RO_301,0,4EOI,1RO,4EOI_C
256,3SW4_A_18K_299,0,3SW4,18K,3SW4_A
257,1FQ1_B_ATP_381,0,1FQ1,ATP,1FQ1_B
258,6Q4F_A_26D_301,0,6Q4F,26D,6Q4F_A
259,3RNI_A_21Z_424,0,3RNI,21Z,3RNI_A
260,3RAH_A_O1Z_516,0,3RAH,O1Z,3RAH_A
261,1H1Q_C_2A6_1298,0,1H1Q,2A6,1H1Q_C
262,5D1J_A_56H_4000,0,5D1J,56H,5D1J_A
263,6GUC_C_SU9_301,0,6GUC,SU9,6GUC_C
265,3R8L_A_Z30_423,0,3R8L,Z30,3R8L_A
266,4LYN_A_1YG_301,0,4LYN,1YG,4LYN_A
267,4NJ3_A_2KD_301,0,4NJ3,2KD,4NJ3_A
269,4BCK_C_T3E_1295,0,4BCK,T3E,4BCK_C
270,2V0D_A_C53_1299,0,2V0D,C53,2V0D_A
271,3MY5_C_RFZ_301,0,3MY5,RFZ,3MY5_C
272,3RK7_A_08Z_467,0,3RK7,08Z,3RK7_A
273,1OIQ_A_HDU_1299,0,1OIQ,HDU,1OIQ_A
274,1Y91_A_CT9_401,0,1Y91,CT9,1Y91_A
275,1H1P_A_CMG_1298,0,1H1P,CMG,1H1P_A
276,4II5_C_ADP_301,0,4II5,ADP,4II5_C
277,4EOR_A_4SP_301,0,4EOR,4SP,4EOR_A
278,4I3Z_C_ADP_301,0,4I3Z,ADP,4I3Z_C
279,2C4G_C_514_306,0,2C4G,514,2C4G_C
281,1PF8_A_SU9_500,0,1PF8,SU9,1PF8_A
282,2WPA_A_889_1301,0,2WPA,889,2WPA_A
283,3LFS_A_A07_299,0,3LFS,A07,3LFS_A
284,4BCN_A_T9N_1299,0,4BCN,T9N,4BCN_A
285,4BCK_A_T3E_1298,0,4BCK,T3E,4BCK_A
286,3S0O_A_50Z_446,0,3S0O,50Z,3S0O_A
287,5ANJ_A_ZXC_1299,0,5ANJ,ZXC,5ANJ_A
288,6GVA_A_FCQ_301,0,6GVA,FCQ,6GVA_A
289,1H1R_C_6CP_1298,0,1H1R,6CP,1H1R_C
290,3R7Y_A_Z04_484,0,3R7Y,Z04,3R7Y_A
291,6OQI_A_N14_301,0,6OQI,N14,6OQI_A
292,2B54_A_D05_300,0,2B54,D05,2B54_A
293,2B53_A_D23_299,0,2B53,D23,2B53_A
294,2FVD_A_LIA_299,0,2FVD,LIA,2FVD_A
295,2BTS_A_U32_1299,0,2BTS,U32,2BTS_A
296,3QTU_A_X44_451,0,3QTU,X44,3QTU_A
297,4BCN_C_T9N_1296,0,4BCN,T9N,4BCN_C
298,6GUB_C_F9Z_301,0,6GUB,F9Z,6GUB_C
299,3QTR_A_X36_497,0,3QTR,X36,3QTR_A
300,1GY3_C_ATP_1298,0,1GY3,ATP,1GY3_C
301,2WEV_A_CK7_1297,0,2WEV,CK7,2WEV_A
302,8B54_A_P2V_301,0,8B54,P2V,8B54_A
304,2R3H_A_SCE_501,0,2R3H,SCE,2R3H_A
305,3TNW_A_F18_299,0,3TNW,F18,3TNW_A
307,2WEV_C_CK7_1298,0,2WEV,CK7,2WEV_C
308,3LFN_A_A27_299,0,3LFN,A27,3LFN_A
309,2R3K_A_SCQ_501,0,2R3K,SCQ,2R3K_A
310,1GY3_A_ATP_1297,0,1GY3,ATP,1GY3_A
311,2C68_A_CT6_1297,0,2C68,CT6,2C68_A
312,3RAL_A_04Z_499,0,3RAL,04Z,3RAL_A
313,3R8P_A_Z46_511,0,3R8P,Z46,3R8P_A
314,5OSM_A_AEQ_301,0,5OSM,AEQ,5OSM_A
315,4FX3_A_60K_301,0,4FX3,60K,4FX3_A
316,7S85_A_8IQ_303,1,7S85,8IQ,7S85_A
317,4EZ7_A_STU_301,0,4EZ7,STU,4EZ7_A
318,5K4J_A_6QB_301,0,5K4J,6QB,5K4J_A
319,4EOL_A_1RO_301,0,4EOL,1RO,4EOL_A
320,2VTA_A_LZ1_1301,0,2VTA,LZ1,2VTA_A
321,5L2W_A_1QK_900,0,5L2W,1QK,5L2W_A
322,4EOQ_C_ATP_301,0,4EOQ,ATP,4EOQ_C
323,3R7V_A_Z02_490,0,3R7V,Z02,3R7V_A
324,1KE6_A_LS2_299,0,1KE6,LS2,1KE6_A
326,6YL1_A_OWN_301,0,6YL1,OWN,6YL1_A
327,3QQH_A_X0A_303,0,3QQH,X0A,3QQH_A
328,4CFV_A_75X_1299,0,4CFV,75X,4CFV_A
329,1PXI_A_CK1_500,0,1PXI,CK1,1PXI_A
330,6Q4J_A_HHB_303,0,6Q4J,HHB,6Q4J_A
331,1KE9_A_LS5_299,0,1KE9,LS5,1KE9_A
332,2UZB_A_C75_1297,0,2UZB,C75,2UZB_A
333,3LE6_A_2BZ_299,0,3LE6,2BZ,3LE6_A
335,3DDQ_C_RRC_299,0,3DDQ,RRC,3DDQ_C
337,6Q4E_A_HH5_303,0,6Q4E,HH5,6Q4E_A
338,2C6M_A_DT5_1297,0,2C6M,DT5,2C6M_A
339,3R1S_A_X73_647,0,3R1S,X73,3R1S_A
340,5OO3_A_9ZB_301,0,5OO3,9ZB,5OO3_A
341,3S00_A_Z60_461,0,3S00,Z60,3S00_A
342,3R28_A_XA0_782,0,3R28,XA0,3R28_A
343,1DI8_A_DTQ_500,0,1DI8,DTQ,1DI8_A
344,4CFV_C_75X_1297,0,4CFV,75X,4CFV_C
345,4EK5_A_03K_300,0,4EK5,03K,4EK5_A
346,7VDU_A_65L_301,0,7VDU,65L,7VDU_A
347,3UNJ_A_0BX_299,0,3UNJ,0BX,3UNJ_A
348,3PJ8_A_404_299,0,3PJ8,404,3PJ8_A
349,2C69_A_CT8_1299,0,2C69,CT8,2C69_A
350,2W17_A_I19_1300,0,2W17,I19,2W17_A
351,3QTX_A_X43_299,0,3QTX,X43,3QTX_A
352,2WIH_C_P48_1299,0,2WIH,P48,2WIH_C
353,3SW7_A_19K_299,0,3SW7,19K,3SW7_A
354,3F5X_C_EZV_300,0,3F5X,EZV,3F5X_C
355,2G9X_C_NU5_299,0,2G9X,NU5,2G9X_C
356,2UZL_C_C94_1297,0,2UZL,C94,2UZL_C
357,1B39_A_ATP_381,0,1B39,ATP,1B39_A
358,4FKR_A_45K_301,0,4FKR,45K,4FKR_A
360,2BKZ_C_SBC_1298,0,2BKZ,SBC,2BKZ_C
361,7QHL_A_D5P_301,0,7QHL,D5P,7QHL_A
362,3NS9_A_NS9_0,0,3NS9,NS9,3NS9_A
363,3TIZ_A_3TI_299,0,3TIZ,3TI,3TIZ_A
364,3BHV_C_VAR_299,0,3BHV,VAR,3BHV_C
365,4EON_C_1RO_301,0,4EON,1RO,4EON_C
366,1YKR_A_628_299,0,1YKR,628,1YKR_A
367,3QTZ_A_X42_453,0,3QTZ,X42,3QTZ_A
368,3QZG_A_X67_471,0,3QZG,X67,3QZG_A
369,2R64_A_740_500,0,2R64,740,2R64_A
370,3QRT_A_X14_535,0,3QRT,X14,3QRT_A
371,1PKD_A_UCN_410,0,1PKD,UCN,1PKD_A
372,3QQG_A_X06_300,0,3QQG,X06,3QQG_A
373,4EZ3_A_0S0_301,0,4EZ3,0S0,4EZ3_A
374,4FKW_A_62K_301,0,4FKW,62K,4FKW_A
376,1PXL_A_CK4_500,0,1PXL,CK4,1PXL_A
377,3QRU_A_X19_493,0,3QRU,X19,3QRU_A
378,3R8U_A_Z31_465,0,3R8U,Z31,3R8U_A
379,6RIJ_A_K4W_301,0,6RIJ,K4W,6RIJ_A
380,3R9O_A_Z71_401,0,3R9O,Z71,3R9O_A
381,5JQ5_A_I74_302,0,5JQ5,I74,5JQ5_A
382,1OIR_A_HDY_1298,0,1OIR,HDY,1OIR_A
383,6Q4C_A_HH8_301,0,6Q4C,HH8,6Q4C_A
384,3EZV_A_EZV_300,0,3EZV,EZV,3EZV_A
385,2C6O_A_4SP_1297,0,2C6O,4SP,2C6O_A
386,2VTP_A_LZ9_1299,0,2VTP,LZ9,2VTP_A
387,3R8M_A_Z19_486,0,3R8M,Z19,3R8M_A
388,5NEV_A_72L_301,0,5NEV,72L,5NEV_A
389,2CLX_A_F18_1299,0,2CLX,F18,2CLX_A
390,8ERN_A_WQK_402,0,8ERN,WQK,8ERN_A
391,6GUF_A_23D_301,0,6GUF,23D,6GUF_A
393,3QL8_A_X01_300,0,3QL8,X01,3QL8_A
394,4BCM_A_T7Z_1297,0,4BCM,T7Z,4BCM_A
395,1KE5_A_LS1_299,0,1KE5,LS1,1KE5_A
396,4EOS_A_1RO_301,0,4EOS,1RO,4EOS_A
397,2UUE_A_MTZ_1297,0,2UUE,MTZ,2UUE_A
398,3R1Y_A_X76_488,0,3R1Y,X76,3R1Y_A
399,4ACM_A_7YG_1302,0,4ACM,7YG,4ACM_A
400,1PXJ_A_CK2_500,0,1PXJ,CK2,1PXJ_A
401,2UUE_C_MTZ_1298,0,2UUE,MTZ,2UUE_C
402,3DDP_C_RC8_299,0,3DDP,RC8,3DDP_C
403,2BHH_A_RYU_1299,0,2BHH,RYU,2BHH_A
404,4CFX_A_G6T_1299,0,4CFX,G6T,4CFX_A
405,8H6P_A_WZU_301,0,8H6P,WZU,8H6P_A
407,7MKX_C_ZGY_301,0,7MKX,ZGY,7MKX_C
408,1H00_A_FCP_1400,0,1H00,FCP,1H00_A
409,3EOC_C_T2A_501,0,3EOC,T2A,3EOC_C
410,2DS1_A_1CD_501,0,2DS1,1CD,2DS1_A
412,1GZ8_A_MBP_1300,0,1GZ8,MBP,1GZ8_A
413,7B7S_A_T1T_301,0,7B7S,T1T,7B7S_A
414,1H01_A_FBL_302,0,1H01,FBL,1H01_A
415,4EOJ_C_ATP_301,0,4EOJ,ATP,4EOJ_C
416,1G5S_A_I17_400,0,1G5S,I17,1G5S_A
417,3FZ1_A_B98_299,0,3FZ1,B98,3FZ1_A
418,3PY1_A_SU9_300,0,3PY1,SU9,3PY1_A
419,3ROY_A_22Z_781,0,3ROY,22Z,3ROY_A
420,3QWJ_A_X6A_483,0,3QWJ,X6A,3QWJ_A
421,2C6I_A_DT1_1299,0,2C6I,DT1,2C6I_A
422,3QQF_A_X07_543,0,3QQF,X07,3QQF_A
423,2CCH_C_ATP_1297,0,2CCH,ATP,2CCH_C
424,4EK4_A_1CK_301,0,4EK4,1CK,4EK4_A
425,3BHT_C_MFR_299,0,3BHT,MFR,3BHT_C
426,1H07_A_MFQ_302,0,1H07,MFQ,1H07_A
427,2C6T_C_DT5_1297,0,2C6T,DT5,2C6T_C
428,1E9H_C_INR_1298,0,1E9H,INR,1E9H_C
429,4CFM_A_4QE_1297,0,4CFM,4QE,4CFM_A
430,1WCC_A_CIG_1299,0,1WCC,CIG,1WCC_A
431,2BPM_A_529_1299,0,2BPM,529,2BPM_A
432,1JSV_A_U55_400,0,1JSV,U55,1JSV_A
433,3RM6_A_18Z_478,0,3RM6,18Z,3RM6_A
434,1DM2_A_HMD_400,0,1DM2,HMD,1DM2_A
436,1QMZ_C_ATP_381,0,1QMZ,ATP,1QMZ_C
437,1FIN_A_ATP_299,0,1FIN,ATP,1FIN_A
438,8FP0_A_RRC_303,0,8FP0,RRC,8FP0_A
439,2VV9_A_IM9_1300,0,2VV9,IM9,2VV9_A
440,3QHW_C_ADP_297,0,3QHW,ADP,3QHW_C
441,7ACK_A_R7B_301,0,7ACK,R7B,7ACK_A
442,2WXV_C_WXV_1299,0,2WXV,WXV,2WXV_C
443,2IW9_C_4SP_1297,0,2IW9,4SP,2IW9_C
444,5IEY_A_6AE_1001,0,5IEY,6AE,5IEY_A
445,3EID_A_PO5_299,0,3EID,PO5,3EID_A
446,2C5X_A_MTW_1297,0,2C5X,MTW,2C5X_A
447,8FP5_A_ATP_302,0,8FP5,ATP,8FP5_A
448,4FKJ_A_11K_301,0,4FKJ,11K,4FKJ_A
450,6JGM_A_AQG_900,0,6JGM,AQG,6JGM_A
451,1OI9_A_N20_1298,0,1OI9,N20,1OI9_A
452,3QTS_A_X46_299,0,3QTS,X46,3QTS_A
453,2IW9_A_4SP_1298,0,2IW9,4SP,2IW9_A
454,1JST_C_ATP_300,0,1JST,ATP,1JST_C
455,3QTW_A_X3A_451,0,3QTW,X3A,3QTW_A
456,1PXO_A_CK7_500,0,1PXO,CK7,1PXO_A
457,1Y8Y_A_CT7_401,0,1Y8Y,CT7,1Y8Y_A
458,2R3Q_A_5SC_501,0,2R3Q,5SC,2R3Q_A
459,2IW8_C_4SP_1297,0,2IW8,4SP,2IW8_C
460,5LMK_A_6ZK_301,0,5LMK,6ZK,5LMK_A
461,3EJ1_A_5BP_299,0,3EJ1,5BP,3EJ1_A
463,6Q4H_A_HGH_301,0,6Q4H,HGH,6Q4H_A
464,7M2F_A_YOS_901,0,7M2F,YOS,7M2F_A
465,4BCO_C_T6Q_1298,0,4BCO,T6Q,4BCO_C
466,3SQQ_A_99Z_456,0,3SQQ,99Z,3SQQ_A
467,3S1H_A_56Z_479,0,3S1H,56Z,3S1H_A
468,3R7E_A_X88_919,0,3R7E,X88,3R7E_A
470,1H08_A_BYP_299,0,1H08,BYP,1H08_A
471,2C5V_A_CK4_1297,0,2C5V,CK4,2C5V_A
472,4FKQ_A_42K_301,0,4FKQ,42K,4FKQ_A
473,4FKV_A_61K_301,0,4FKV,61K,4FKV_A
474,5CYI_C_55S_301,0,5CYI,55S,5CYI_C
475,7RA5_A_3I3_301,0,7RA5,3I3,7RA5_A
476,1OIU_C_N76_1298,0,1OIU,N76,1OIU_C
477,2UZO_A_C62_1297,0,2UZO,C62,2UZO_A
478,2IW8_A_4SP_1298,0,2IW8,4SP,2IW8_A
479,2R3G_A_SC9_501,0,2R3G,SC9,2R3G_A
480,2XNB_A_Y8L_1299,0,2XNB,Y8L,2XNB_A
481,2A4L_A_RRC_300,0,2A4L,RRC,2A4L_A
483,3DOG_A_NNN_299,0,3DOG,NNN,3DOG_A
484,1H1S_A_4SP_1298,0,1H1S,4SP,1H1S_A
485,2IW6_C_QQ2_1296,0,2IW6,QQ2,2IW6_C
486,4FKS_A_46K_301,0,4FKS,46K,4FKS_A
487,2CCI_C_ATP_1297,0,2CCI,ATP,2CCI_C
488,5MHQ_A_8QT_301,0,5MHQ,8QT,5MHQ_A
489,2DUV_A_371_501,0,2DUV,371,2DUV_A
490,6Q4A_A_HGW_301,0,6Q4A,HGW,6Q4A_A
491,4ERW_A_STU_301,0,4ERW,STU,4ERW_A
493,1OIT_A_HDT_1299,0,1OIT,HDT,1OIT_A
494,3QXO_A_X65_668,0,3QXO,X65,3QXO_A
495,3IG7_A_EFP_999,0,3IG7,EFP,3IG7_A
496,2I40_A_BLZ_301,0,2I40,BLZ,2I40_A
497,2XMY_A_CDK_500,0,2XMY,CDK,2XMY_A
498,7RWF_A_7TW_302,1,7RWF,7TW,7RWF_A
499,1P5E_A_TBS_301,0,1P5E,TBS,1P5E_A
500,3QQL_A_X03_299,0,3QQL,X03,3QQL_A
501,1V1K_A_3FP_299,0,1V1K,3FP,1V1K_A
502,4BCQ_A_TJF_1296,0,4BCQ,TJF,4BCQ_A
503,3QU0_A_X40_454,0,3QU0,X40,3QU0_A
504,2W05_A_FRT_1299,0,2W05,FRT,2W05_A
505,8FP0_A_7TW_304,1,8FP0,7TW,8FP0_A
506,4EOP_A_1RO_301,0,4EOP,1RO,4EOP_A
507,2VTN_A_LZ7_1299,0,2VTN,LZ7,2VTN_A
508,4FKO_A_20K_301,0,4FKO,20K,4FKO_A
509,2A0C_X_CK9_500,0,2A0C,CK9,2A0C_X
510,6Q4B_A_HHN_301,0,6Q4B,HHN,6Q4B_A
511,1H07_A_MFP_301,0,1H07,MFP,1H07_A
512,5OO0_A_9YZ_301,-1,5OO0,9YZ,5OO0_A
514,2WIP_A_P49_1299,0,2WIP,P49,2WIP_A
515,6GUE_C_FB8_301,0,6GUE,FB8,6GUE_C
516,4EOM_C_ATP_301,0,4EOM,ATP,4EOM_C
517,5OSJ_A_AAK_301,-1,5OSJ,AAK,5OSJ_A
518,5ANI_A_ES4_1299,0,5ANI,ES4,5ANI_A
519,1AQ1_A_STU_299,0,1AQ1,STU,1AQ1_A
520,4D1X_A_ESJ_1299,0,4D1X,ESJ,4D1X_A
521,5ANK_A_RJI_1299,0,5ANK,RJI,5ANK_A
522,2VTQ_A_LZA_1299,0,2VTQ,LZA,2VTQ_A
523,3QX4_A_X4B_454,0,3QX4,X4B,3QX4_A
524,1GII_A_1PU_501,0,1GII,1PU,1GII_A
525,3QHR_A_ADP_297,0,3QHR,ADP,3QHR_A
527,3BHU_C_MHR_299,0,3BHU,MHR,3BHU_C
528,4EOK_C_4SP_301,0,4EOK,4SP,4EOK_C
529,1VYW_A_292_2300,0,1VYW,292,1VYW_A
530,2WIP_C_P49_1297,0,2WIP,P49,2WIP_C
531,2R3J_A_SCJ_501,0,2R3J,SCJ,2R3J_A
532,7S4T_A_88O_302,1,7S4T,88O,7S4T_A
533,1OIY_A_N41_1298,0,1OIY,N41,1OIY_A
534,4EOO_A_ATP_302,0,4EOO,ATP,4EOO_A
535,8FOW_A_1QK_303,0,8FOW,1QK,8FOW_A
536,2UZD_C_C85_1297,0,2UZD,C85,2UZD_C
537,1FVV_A_107_501,0,1FVV,107,1FVV_A
